{"cameraMode":{"drawMode":0,"name":"Shaded","section":"Shading Mode"},"sceneLighting":false,"audioPlay":false,"sceneViewState":{"m_AlwaysRefresh":false,"showFog":false,"showSkybox":false,"showFlares":true,"showImageEffects":true,"showParticleSystems":true,"showVisualEffectGraphs":true,"m_FxEnabled":true},"in2DMode":false,"pivot":{"x":0.6389999985694885,"y":-0.2794000208377838,"z":0.3291780948638916},"rotation":{"x":0.2373868227005005,"y":-0.6109442114830017,"z":0.19909235835075379,"w":0.7285630702972412},"size":0.7463101744651794,"orthographic":false}