{"cameraMode":{"drawMode":0,"name":"Shaded","section":"Shading Mode"},"sceneLighting":false,"audioPlay":false,"sceneViewState":{"m_AlwaysRefresh":false,"showFog":false,"showSkybox":false,"showFlares":true,"showImageEffects":true,"showParticleSystems":true,"showVisualEffectGraphs":true,"m_FxEnabled":true},"in2DMode":false,"pivot":{"x":0.18210601806640626,"y":3.718242645263672,"z":-112.62000274658203},"rotation":{"x":-0.052897777408361438,"y":0.9401938319206238,"z":-0.17196597158908845,"w":-0.2893677353858948},"size":23.494874954223634,"orthographic":false}