{"cameraMode":{"drawMode":0,"name":"Shaded","section":"Shading Mode"},"sceneLighting":false,"audioPlay":false,"sceneViewState":{"m_AlwaysRefresh":false,"showFog":false,"showSkybox":false,"showFlares":true,"showImageEffects":true,"showParticleSystems":true,"showVisualEffectGraphs":true,"m_FxEnabled":true},"in2DMode":false,"pivot":{"x":-1.1749413013458253,"y":0.1708986759185791,"z":1.9484211206436158},"rotation":{"x":0.24798759818077088,"y":0.4789848029613495,"z":-0.1431422382593155,"w":0.8298130035400391},"size":0.9457213878631592,"orthographic":false}