{"cameraMode":{"drawMode":0,"name":"Shaded","section":"Shading Mode"},"sceneLighting":false,"audioPlay":false,"sceneViewState":{"m_AlwaysRefresh":false,"showFog":false,"showSkybox":false,"showFlares":true,"showImageEffects":true,"showParticleSystems":true,"showVisualEffectGraphs":true,"m_FxEnabled":true},"in2DMode":false,"pivot":{"x":-0.10864929854869843,"y":0.07823242247104645,"z":0.1937784105539322},"rotation":{"x":0.33298373222351076,"y":-0.6104056239128113,"z":0.6462354063987732,"w":0.31453588604927065},"size":1.1785410642623902,"orthographic":false}