{"cameraMode":{"drawMode":0,"name":"Shaded","section":"Shading Mode"},"sceneLighting":true,"audioPlay":false,"sceneViewState":{"m_AlwaysRefresh":false,"showFog":false,"showSkybox":false,"showFlares":true,"showImageEffects":true,"showParticleSystems":true,"showVisualEffectGraphs":true,"m_FxEnabled":true},"in2DMode":false,"pivot":{"x":54.352169036865237,"y":17.311771392822267,"z":13.285778999328614},"rotation":{"x":0.08088617771863938,"y":-0.36380571126937868,"z":0.031742069870233539,"w":0.9274420142173767},"size":0.6875373125076294,"orthographic":false}