{"cameraMode":{"drawMode":0,"name":"Shaded","section":"Shading Mode"},"sceneLighting":true,"audioPlay":false,"sceneViewState":{"m_AlwaysRefresh":true,"showFog":true,"showSkybox":true,"showFlares":true,"showImageEffects":true,"showParticleSystems":true,"showVisualEffectGraphs":true,"m_FxEnabled":true},"in2DMode":false,"pivot":{"x":-4.52984094619751,"y":5.515365123748779,"z":-32.034603118896487},"rotation":{"x":0.0655425488948822,"y":-0.11132130771875382,"z":0.007345471531152725,"w":0.9916187524795532},"size":0.8660253882408142,"orthographic":false}