{"cameraMode":{"drawMode":0,"name":"Shaded","section":"Shading Mode"},"sceneLighting":true,"audioPlay":false,"sceneViewState":{"m_AlwaysRefresh":true,"showFog":true,"showSkybox":true,"showFlares":true,"showImageEffects":true,"showParticleSystems":true,"showVisualEffectGraphs":true,"m_FxEnabled":true},"in2DMode":false,"pivot":{"x":-1.1049938201904297,"y":2.2376151084899904,"z":-1.4161896705627442},"rotation":{"x":-0.16821099817752839,"y":0.12473370134830475,"z":-0.021476753056049348,"w":-0.9776116609573364},"size":1.5570614337921143,"orthographic":false}