{"cameraMode":{"drawMode":0,"name":"Shaded","section":"Shading Mode"},"sceneLighting":false,"audioPlay":false,"sceneViewState":{"m_AlwaysRefresh":false,"showFog":false,"showSkybox":false,"showFlares":false,"showImageEffects":false,"showParticleSystems":false,"showVisualEffectGraphs":true,"m_FxEnabled":true},"in2DMode":false,"pivot":{"x":-0.1168382316827774,"y":0.8161991238594055,"z":-0.5330870151519775},"rotation":{"x":-0.013603226281702519,"y":0.9706352353096008,"z":-0.056864600628614429,"w":-0.23356720805168153},"size":1.4318915605545045,"orthographic":false}