{"cameraMode":{"drawMode":0,"name":"Shaded","section":"Shading Mode"},"sceneLighting":false,"audioPlay":false,"sceneViewState":{"m_AlwaysRefresh":false,"showFog":false,"showSkybox":false,"showFlares":true,"showImageEffects":true,"showParticleSystems":true,"showVisualEffectGraphs":true,"m_FxEnabled":true},"in2DMode":false,"pivot":{"x":-0.3940095007419586,"y":0.1680193543434143,"z":0.4743063747882843},"rotation":{"x":0.027059631422162057,"y":0.9726160168647766,"z":-0.14998243749141694,"w":0.17547979950904847},"size":0.03349437192082405,"orthographic":false}