{"cameraMode":{"drawMode":0,"name":"Shaded","section":"Shading Mode"},"sceneLighting":false,"audioPlay":false,"sceneViewState":{"m_AlwaysRefresh":false,"showFog":false,"showSkybox":false,"showFlares":true,"showImageEffects":true,"showParticleSystems":true,"showVisualEffectGraphs":true,"m_FxEnabled":true},"in2DMode":false,"pivot":{"x":5.948664665222168,"y":1.813453197479248,"z":159.02845764160157},"rotation":{"x":-0.013558004051446915,"y":-0.7301406860351563,"z":-0.014824135228991509,"w":0.6830706000328064},"size":1.2247449159622193,"orthographic":false}