{"cameraMode":{"drawMode":0,"name":"Shaded","section":"Shading Mode"},"sceneLighting":false,"audioPlay":false,"sceneViewState":{"m_AlwaysRefresh":false,"showFog":false,"showSkybox":false,"showFlares":true,"showImageEffects":true,"showParticleSystems":true,"showVisualEffectGraphs":true,"m_FxEnabled":true},"in2DMode":false,"pivot":{"x":-0.4579383134841919,"y":0.05742454528808594,"z":0.3596520721912384},"rotation":{"x":-0.13921555876731873,"y":0.6654547452926636,"z":-0.1283596009016037,"w":-0.7220996618270874},"size":1.0171544551849366,"orthographic":false}