{"cameraMode":{"drawMode":0,"name":"Shaded","section":"Shading Mode"},"sceneLighting":false,"audioPlay":false,"sceneViewState":{"m_AlwaysRefresh":false,"showFog":false,"showSkybox":false,"showFlares":true,"showImageEffects":true,"showParticleSystems":true,"showVisualEffectGraphs":true,"m_FxEnabled":true},"in2DMode":false,"pivot":{"x":-0.004022390116006136,"y":1.7528470754623414,"z":-0.4626477360725403},"rotation":{"x":0.11220486462116242,"y":-0.033508751541376117,"z":0.0038323281332850458,"w":0.9931817054748535},"size":0.9049965143203735,"orthographic":false}