{"cameraMode":{"drawMode":0,"name":"Shaded","section":"Shading Mode"},"sceneLighting":false,"audioPlay":false,"sceneViewState":{"m_AlwaysRefresh":false,"showFog":false,"showSkybox":false,"showFlares":true,"showImageEffects":true,"showParticleSystems":true,"showVisualEffectGraphs":true,"m_FxEnabled":true},"in2DMode":false,"pivot":{"x":-0.16988568007946015,"y":0.00679633766412735,"z":0.0018593929708003998},"rotation":{"x":0.030747272074222566,"y":-0.8492928743362427,"z":0.04973142221570015,"w":0.5247659087181091},"size":0.513259768486023,"orthographic":false}