{"cameraMode":{"drawMode":0,"name":"Shaded","section":"Shading Mode"},"sceneLighting":false,"audioPlay":false,"sceneViewState":{"m_AlwaysRefresh":false,"showFog":false,"showSkybox":false,"showFlares":true,"showImageEffects":true,"showParticleSystems":true,"showVisualEffectGraphs":true,"m_FxEnabled":true},"in2DMode":false,"pivot":{"x":2.213139533996582,"y":5.857972145080566,"z":-12.930557250976563},"rotation":{"x":0.18032453954219819,"y":-0.1323431134223938,"z":0.024492880329489709,"w":0.9743561744689941},"size":0.8660253882408142,"orthographic":false}